Time,Delta,Dela Prev,Data Id,Data Type,Data Count,Ip Address,Data
Elapsed Time,Delta,Longitude,Latitude0.072771,0.070767,-91.7776383,37.95138330.276225,0.203454,-91.7776383,37.95138330.48068,0.204455,-91.7776383,37.95138330.685132,0.204452,-91.7776383,37.95138330.88864,0.203508,-91.7776383,37.95138331.093074,0.204434,-91.77764,37.95138331.29653,0.203456,-91.77764,37.95138161.500983,0.204453,-91.77764,37.95138161.704439,0.203456,-91.77764,37.95138161.908896,0.204457,-91.77764,37.95138162.112347,0.203451,-91.77764,37.95138162.316802,0.204455,-91.7776383,37.9513816